{
  "easingCurveWindowCollapsed" : true,
  "lastselectedPageIndex" : 0,
  "loopPlayBack" : false,
  "playbackSpeed" : 1,
  "playbackTime" : 0,
  "relativeMode" : false,
  "sceneOffset" : [
    355.14468502149521,
    280.29415941829029
  ],
  "sceneScale" : 0.40000000000000002,
  "timelineLength" : 19.323313842353738
}